identifier	peak	amplitude	location	scale	skewness	baseline	mode	height	fwhm	confidence	method
1-20231116_BY4742_30C.csv	free	9.897458351272501	1.1228463060642142	3.537001885858505	4.999999999999949	2.8080886176415422e-16	3.8901618544103362	1.6439374029956748	12.494459161795126	1.0	detected
1-20231116_BY4742_30C.csv	80S	0.9875604805065581	27.075625491916476	1.9410815325837494	4.4650823161317446	0.06209571620622882	28.58694572426595	0.3618132301759172	6.612346427595142	1.0	detected
1-20231116_BY4742_30C.csv	40S	0.474586857224224	13.180000000000001	3.9999999999999996	-0.9791967649582942	0.05404542496943403	15.18	0.08012824048535053	10.342403352590711	1.0	detected
1-20231116_BY4742_30C.csv	60S	0.07511185584243738	21.782240404664336	1.3823978348776633	2.3732911131805783	0.05557612093065098	22.798688343503812	0.08732056460763432	4.028182954037973	1.0	detected
1-20231116_BY4742_30C.csv	2-some	0.07433421988008533	37.1690988814811	1.3912895332950574	2.2520907772367824	0.05418400850858571	38.18366582024187	0.08521821111271059	4.014381432777029	1.0	detected
1-20231116_BY4742_30C.csv	3-some	0.0789102509047336	44.04254944060418	1.6908589996548415	3.4013847963075667	0.052404430348693604	45.33688125832156	0.08005581445147766	5.3363951673537775	1.0	detected
1-20231116_BY4742_30C.csv	4-some	0.03677406360988582	49.73579342176903	1.1723664603227337	2.5410691096144262	0.06129446621376436	50.60622956073637	0.0797304051925661	3.46249263256519	1.0	detected
1-20231116_BY4742_30C.csv	5-some	0.005847863160464831	58.35724427558067	0.46690944072431995	0.699668772730475	0.06952918369633143	58.57081398110186	0.07515933208636208	1.1765053333949038	1.0	detected
10-20240419_BY4742_40.csv	free	3.251749855624203	1.018364081766378	1.7085127647240477	4.999999999999999	0.1351884483940772	2.3550876942902925	1.2533274258521196	6.035321341387698	1.0	detected
10-20240419_BY4742_40.csv	80S	1.1907546701197458	23.391903118933534	2.156285851951361	4.037353597937212	0.09010018765560562	25.061906375498218	0.41625411712598237	7.128242809567612	1.0	detected
10-20240419_BY4742_40.csv	40S	0.4076582243772837	8.65000000000065	3.9999999999999996	-0.9786860691140956	0.08537886981235004	10.65	0.10778984006035831	10.341922277105477	1.0	detected
10-20240419_BY4742_40.csv	60S	0.12706839244160217	17.390756780147463	2.10477852275263	4.999999999999999	0.08057138277324442	19.037514831118813	0.11603867369302116	7.435130131623666	1.0	detected
10-20240419_BY4742_40.csv	2-some	0.14234442986987114	31.450000000000006	3.9999999999999996	-1.9818987820088623	0.05258055281617081	33.45	0.05661114351059743	11.286948652652345	1.0	detected
10-20240419_BY4742_40.csv	3-some	0.016147425650994696	41.69890890979064	1.2059788147762798	-1.4329104943940307	0.04833739570417754	40.909832851686815	0.05545930124244126	3.2470381680797984	1.0	detected
10-20240419_BY4742_40.csv	4-some	0.0101910112656688	46.22919521113595	0.73969237798121	0.005933426692692933	0.04996176851550276	46.23269699342202	0.055458203188480215	1.743009138568475	1.0	detected
10-20240419_BY4742_40.csv	5-some	0.014786164537213573	53.43445225443222	0.5226852257121684	1.044674703272758	0.05203756341670774	53.735717128894514	0.06592510679712733	1.3595151923415345	1.0	detected
10-20240419_BY4742_40.csv	6-some	0.033097628140223614	58.703500951084	3.9999999916418774	-7.187964642652907e-05	0.0509416925723911	58.7032715444446	0.05424270339625238	9.420067690943414	1.0	detected
11-20240419_MV_A_40.csv	free	4.755507942654873	1.0294873942071745	2.3940367370313003	4.999999999999999	0.018816755335037804	2.9025582320222627	1.18579560791318	8.456934773563068	1.0	detected
11-20240419_MV_A_40.csv	80S	1.2888711776072217	23.29496774832392	2.0322064286860537	3.8909885375236106	0.08704221636464142	24.865398785100204	0.4619574728500595	6.6480133866919235	1.0	detected
11-20240419_MV_A_40.csv	40S	0.5183266012224912	9.070000000000002	3.9999999999999996	-1.203146401455846	0.08815891230541084	11.07	0.11313461895077724	10.553363910171404	1.0	detected
11-20240419_MV_A_40.csv	60S	0.09238818042931639	17.68615445046763	1.8564490549404873	4.8363635122536435	0.08108085747328067	19.136703653533047	0.11034035200861755	6.486365436463587	1.0	detected
11-20240419_MV_A_40.csv	2-some	0.1911797166126132	30.940000000000023	3.9999999999999996	-1.3756888497908628	0.05017352431697353	32.94	0.05844481810929992	10.715898896502992	1.0	detected
11-20240419_MV_A_40.csv	3-some	0.018888992483416515	40.54601041428009	1.0927381005313983	-0.0504651298004438	0.04644718965258603	40.5020668550639	0.05334886083639623	2.586384914305567	1.0	detected
11-20240419_MV_A_40.csv	4-some	0.025094482172089035	46.83677245530083	3.9999680395206414	3.363109357617019	0.04839891602257727	44.88	0.04862080435834542	12.587948434855056	1.0	detected
11-20240419_MV_A_40.csv	5-some	0.005155788471661549	52.63837920297014	1.5139761880456324	3.390414502286157	0.05105766249700371	53.79701069427525	0.05307546484728491	4.774237029914966	1.0	detected
11-20240419_MV_A_40.csv	6-some	1.8564409259754853e-07	59.9763840221826	3.978705236249644	-4.914715654505163	0.05195087799889543	56.86557762541242	0.05195090542148304	13.974866087498121	1.0	detected
12-20240419_MV_I_40.csv	free	6.811415754252048	1.0988745021469706	3.071989426011918	4.999999999999996	3.2079133513448894e-22	3.5023688675151843	1.302610450695863	10.851802647387096	1.0	detected
12-20240419_MV_I_40.csv	80S	1.7539463540110614	26.038595713268695	2.6803169914774876	4.471190799216578	0.08152473805090955	28.125618541106153	0.4670094921957133	9.134427657015452	1.0	detected
12-20240419_MV_I_40.csv	40S	0.4008297105131924	10.720000000000002	3.9999999999999996	-1.0917864722027604	0.0783409788118833	12.72	0.09898443728556548	10.448462856814999	1.0	detected
12-20240419_MV_I_40.csv	60S	0.10938505726723982	19.765808031955455	2.7061512219291934	4.999999999999999	0.07189096563013016	21.88307417833831	0.09563764136858297	9.559479191464876	1.0	detected
12-20240419_MV_I_40.csv	2-some	0.16620534270199386	34.480000000000004	3.9999999999999996	-3.211190817562651	0.0561971948242119	36.48	0.05778241139165988	12.444941750144016	1.0	detected
12-20240419_MV_I_40.csv	3-some	0.03706753181368972	43.0387262690115	3.6485325902103485	4.99999999999998	0.0495150366024092	45.893302345406774	0.0554836345357481	12.888441374918038	1.0	detected
12-20240419_MV_I_40.csv	4-some	0.030961129946217886	48.84696157281551	3.9999999999874296	4.99999999978075	0.0534277951402108	51.9765222998221	0.057975096072261395	14.12999999974906	1.0	detected
12-20240419_MV_I_40.csv	5-some	0.040972154751482165	58.18999980399123	3.9999999999999996	0.08394622902387879	0.05680796390571582	58.45697836088645	0.060903480637405714	9.499077347740492	1.0	detected
13-20240506_BY4742_30.csv	free	5.528847604677693	1.0879976519261338	2.733059254202698	4.999999999998903	7.127689823658331e-14	3.2263163785701154	1.1884542196462957	9.654531815470325	1.0	detected
13-20240506_BY4742_30.csv	80S	0.6318548519547794	27.10479063802497	1.9497933590417988	3.741742393772687	0.06051159315563222	28.607751579522926	0.2522421751003104	6.309882923375188	1.0	detected
13-20240506_BY4742_30.csv	40S	0.27659280915396667	12.190000000006647	3.9999999999999996	-0.5629469619605111	0.055911504812361	14.19	0.07486012336649066	9.9502960381668	1.0	detected
13-20240506_BY4742_30.csv	60S	0.05627714678684082	21.096978316838445	2.1636679408803663	4.116716545465603	0.05608666004010785	22.774551242782184	0.07144119797626658	7.193085393191009	1.0	detected
13-20240506_BY4742_30.csv	2-some	0.036343191458192106	39.115496488999014	1.5220143299427105	-1.7342631805272009	0.047146369298432654	38.06346704228054	0.06041990902120846	4.2059632856952	1.0	detected
13-20240506_BY4742_30.csv	3-some	0.044852070729231336	44.6845482626555	1.6966033090569432	2.4935973017946433	0.04576788161184677	45.94097573612128	0.06128282788552442	4.991817792460802	1.0	detected
13-20240506_BY4742_30.csv	4-some	0.022921894453083208	50.60456861269658	1.0239720599777782	1.9082044403513623	0.051594256509197474	51.328230767734055	0.06427342205421616	2.871608962700142	1.0	detected
13-20240506_BY4742_30.csv	5-some	0.025028791778016063	61.339999508325455	3.9999996027063207	1.7536378883741002	0.05854528179480584	59.34	0.0593836888835925	11.071925791146759	1.0	detected
14-20240506_MV_I_30.csv	free	6.620920185626707	1.1241509229465347	2.7902362950720856	4.999999999999999	3.613304617762132e-17	3.307204404988573	1.3940368498607438	9.856509712342142	1.0	detected
14-20240506_MV_I_30.csv	80S	0.7255847522640955	26.95545722423923	1.9807629562607763	3.8016596332352868	0.06947520952411969	28.48388454622151	0.28613241206524237	6.438055700129772	1.0	detected
14-20240506_MV_I_30.csv	40S	0.29331104222649546	12.460000000000003	3.9999999999999996	-0.43790050028919936	0.06481720461745931	14.46	0.08615913663913823	9.832502271272423	1.0	detected
14-20240506_MV_I_30.csv	60S	0.05661115370833588	21.15032904723709	1.6880596090478543	2.8508042325356486	0.06679859398877104	22.421281175492513	0.08663167663360997	5.108683500434653	1.0	detected
14-20240506_MV_I_30.csv	2-some	0.06831512709831691	39.26928061928653	3.0443898916527274	-4.5292450074301565	0.04813740429066334	36.89733375478463	0.06135192366477541	10.416797702299045	1.0	detected
14-20240506_MV_I_30.csv	3-some	0.05130006076179783	44.03425882473904	1.6173545890544634	2.03189661271998	0.047454288269692745	45.19209559098339	0.06561356305230852	4.582793073979512	1.0	detected
14-20240506_MV_I_30.csv	4-some	0.028861234927303477	50.03339297292925	1.1495555504426096	2.203710997733342	0.05377128995580466	50.868633275104806	0.06831493805049342	3.3037926945155625	1.0	detected
14-20240506_MV_I_30.csv	5-some	0.051925109866525876	60.97999999382628	3.9999999969895956	1.6832605108941483	0.06351962307106185	58.98	0.06534770306892043	11.005631392979438	1.0	detected
15-20240506_MV_A_30.csv	free	6.783275351547296	1.1700126441854233	3.269972749658759	4.999999999999999	1.9251400335574538e-21	3.7284072181262324	1.2186870556561695	11.551178738169567	1.0	detected
15-20240506_MV_A_30.csv	80S	0.9467184823910217	27.130627965125946	2.18277378010167	3.8930585740755985	0.07300178913664312	28.817468706119104	0.32939009141839604	7.141632637504048	1.0	detected
15-20240506_MV_A_30.csv	40S	0.33402853958021644	12.34000000000663	3.9999999999999996	-0.5549126033765921	0.07345448986062905	14.34	0.09642849867105904	9.942727672380748	1.0	detected
15-20240506_MV_A_30.csv	60S	0.05137547999938947	21.444603314175332	1.7673721738242647	3.2450979752835436	0.07120304094421265	22.792227474223782	0.08843000763125379	5.512823645057224	1.0	detected
15-20240506_MV_A_30.csv	2-some	0.06692831140585997	38.934628527344934	1.7393859048257334	-2.088398920730292	0.05854051039654979	37.68290055969614	0.08066347274983479	4.951715008585102	1.0	detected
15-20240506_MV_A_30.csv	3-some	0.0862024796362736	43.72244523075883	2.188357910477311	3.2280955164482723	0.056408313572900506	45.39030801539899	0.07975260770308658	6.817208657764707	1.0	detected
15-20240506_MV_A_30.csv	4-some	0.033978744769143136	50.1268244854024	0.9844788610405663	1.164538569178044	0.0676575949162508	50.72275943834262	0.08507335875905869	2.5884398965448643	1.0	detected
15-20240506_MV_A_30.csv	5-some	0.06553193473714898	60.43147239133006	3.999754201412014	1.9074935493238088	0.08132932497256339	58.77	0.08389650874318574	11.21616965144177	1.0	detected
16-20240506_BY4742_40.csv	free	3.514203434704053	1.0739304283577105	2.2755447497302095	4.999999999999999	0.11336841621132952	2.8542942986917366	1.0206422869351628	8.038361828421966	1.0	detected
16-20240506_BY4742_40.csv	80S	2.1656249915818697	24.931025403982364	2.7698326695693667	4.840181853255944	0.0854202532466336	27.09532313512542	0.5450996232951559	9.680185232341964	1.0	detected
16-20240506_BY4742_40.csv	40S	0.627892417459709	10.060000000000002	3.9999999999999996	-1.802910101456924	0.09570476320431652	12.06	0.1160060851126252	11.11834131557242	1.0	detected
16-20240506_BY4742_40.csv	60S	0.057158564868787586	18.93353579830779	1.8643599080472202	4.981282300209061	0.08378979930203652	20.391981525455265	0.10180278224760012	6.57763324258292	1.0	detected
16-20240506_BY4742_40.csv	2-some	0.3343897906449209	32.980000000000004	3.9999999999999996	-2.242841910749997	0.06812842100233706	34.98	0.07584274266910869	11.532757079926496	1.0	detected
16-20240506_BY4742_40.csv	3-some	0.023384864410080572	42.78901124080601	1.007859123271356	-0.7226720559843166	0.05809705745899471	42.31799328378031	0.06859043893555779	2.5450350429343316	1.0	detected
16-20240506_BY4742_40.csv	4-some	0.004638700118061458	51.39864258789668	0.809136386379817	1.5429533383423082	0.06267050180943055	51.94040759120618	0.0657749627510376	2.1995284465753966	1.0	detected
16-20240506_BY4742_40.csv	5-some	0.004100502171582791	57.57092464612487	2.4138332341997404	0.9480299870638731	0.06402433393735553	55.59	0.06423560801720002	6.2234922377865765	1.0	detected
16-20240506_BY4742_40.csv	6-some	0.03539660412963444	62.17000003040881	3.9999999999856923	-0.6813529263200674	0.060335300650612905	64.17	0.06262002852980926	10.061834456557513	1.0	detected
17-20240506_MV_I_40.csv	free	7.061921244775037	1.1728063932918835	3.104518705398954	4.999999999999999	4.031266735155528e-20	3.6017513474720935	1.3363661737453625	10.966712326821805	1.0	detected
17-20240506_MV_I_40.csv	80S	2.079922581343871	26.386882893041562	2.7533468918638437	4.999999999999999	0.0893293069014126	28.541074468202655	0.533125041573129	9.726197895509028	1.0	detected
17-20240506_MV_I_40.csv	40S	0.33742171685873446	11.830000000000021	3.9999999999999996	-0.8989517931902812	0.09158810639561223	13.83	0.11098393151777801	10.266812589185243	1.0	detected
17-20240506_MV_I_40.csv	60S	0.07230520110997318	20.326791808469164	1.6487688608239313	3.3008732788660633	0.08803347313690107	21.58581147174125	0.114021840178096	5.164530468572454	1.0	detected
17-20240506_MV_I_40.csv	2-some	0.2855360467931796	35.35000000000001	3.9999999999999996	-1.0845385005679558	0.0640207551062031	37.35	0.07878905183331524	10.441635267535013	1.0	detected
17-20240506_MV_I_40.csv	3-some	0.02925060576280576	45.01394821755233	1.03468557449067	-0.0005506677443580755	0.0590122797201602	45.01349360855362	0.07029039626124918	2.4368187082827983	1.0	detected
17-20240506_MV_I_40.csv	4-some	0.022925903539363437	49.497358617567826	2.417466776511725	4.999999999999994	0.05996799606145017	51.38876088823054	0.0655393767136937	8.539701388027664	1.0	detected
17-20240506_MV_I_40.csv	5-some	0.013964424368106115	61.339999549254436	3.9999956931557277	1.6956554223505809	0.0645252402663441	59.34	0.06501261901583939	11.01729554539742	1.0	detected
18-20240506_MV_A_40.csv	free	5.934948006033127	1.1297017968650722	2.9930603968909084	4.999999999999999	2.645731972721952e-18	3.47144286479352	1.1649259592406567	10.572985852017133	1.0	detected
18-20240506_MV_A_40.csv	80S	1.9499721004533752	25.70736377519658	2.702345040594936	4.8358756217183325	0.08101910582369604	27.818850874438223	0.5052693308646914	9.441584731124571	1.0	detected
18-20240506_MV_A_40.csv	40S	0.3325723110751838	11.350000000000001	3.9999999999999996	-0.7798315123570189	0.08301974411823959	13.35	0.10341044252359657	10.154601284640309	1.0	detected
18-20240506_MV_A_40.csv	60S	0.043455381512905976	19.77657442053305	1.5428553318636187	3.624260806439821	0.0809283231364519	20.963251928437593	0.09760245913418578	4.9502720372742655	1.0	detected
18-20240506_MV_A_40.csv	2-some	0.31072713814346703	34.480000000000075	3.9999999999999996	-0.7868755461020928	0.05919703386099211	36.48	0.07817717888823725	10.16123676442817	1.0	detected
18-20240506_MV_A_40.csv	3-some	0.030131248352022192	44.331806944906724	1.15985786558585	-0.6532187966783939	0.05789400008956831	43.82570504441364	0.06943102111389089	2.9098897193641653	1.0	detected
18-20240506_MV_A_40.csv	4-some	0.01442110219533326	48.75837656667708	1.0935778110469172	1.3431346818547358	0.05985830861678367	49.458249947316546	0.06675976438618529	2.9212833932092686	1.0	detected
18-20240506_MV_A_40.csv	5-some	0.003925858283958122	59.38816675992377	2.6372038263624225	1.4918122826427624	0.06356526691748052	57.39	0.06368040860871646	7.137122186713492	1.0	detected
18-20240506_MV_A_40.csv	6-some	0.03571840402245682	62.11000003946279	3.9999999999996643	-0.3880613344985609	0.06062244018815016	64.11	0.0632825749074749	9.785553777096824	1.0	detected
19-20240906_yHG008_30C.csv	free	7.470677738568072	1.0852167164486834	3.492302938253753	4.999999999999999	4.584787484498344e-17	3.8175602470540486	1.256738669812315	12.336560129381382	1.0	detected
19-20240906_yHG008_30C.csv	80S	0.8260356830966307	31.179347031389643	1.9571756165457972	3.6824887096483505	0.04095912521686734	32.68636978838933	0.2907452200268028	6.306462336542019	1.0	detected
19-20240906_yHG008_30C.csv	40S	0.10710165805491885	13.780000000000001	3.9999999999999996	-4.928243498006903	0.03292888487659248	15.78	0.033058360013045525	14.0624053751225	0.7	detected
19-20240906_yHG008_30C.csv	60S	0.15307299126565174	24.77387856711479	3.219581874194944	4.999999999999999	0.02214548872275265	27.29284781484265	0.050077099427270656	11.37317297059364	1.0	detected
19-20240906_yHG008_30C.csv	2-some	0.12509728794328645	42.295635993887814	2.036224102295346	3.6102199329602285	0.03056513841298312	43.86135342668866	0.06693788901007534	6.526519327215546	1.0	detected
19-20240906_yHG008_30C.csv	3-some	0.1271882647669966	50.13836667795397	2.0756326399313423	4.7353690684858805	0.03530674550692197	51.758745095415065	0.07135221458913465	7.20281766149623	1.0	detected
19-20240906_yHG008_30C.csv	4-some	0.02569287272945968	61.601658607490414	0.8473578196503667	2.1766182980724955	0.06264152697441755	62.21601658372617	0.0801773558103548	2.4298778683317104	1.0	detected
2-20231116_MV_I_30C.csv	free	10.132335346390626	1.0873284488038708	3.3027597325270057	4.999999999999744	2.2094859558565876e-14	3.671375236230175	1.8023098622995943	11.666998755151448	1.0	detected
2-20231116_MV_I_30C.csv	80S	0.8205281350171424	28.080786095991492	1.864513329162363	3.93561588871676	0.06794495332525648	29.522636310444526	0.32802283246012426	6.119029840818112	1.0	detected
2-20231116_MV_I_30C.csv	40S	0.4406828315288923	14.020000000349372	3.9999999999999996	-0.2396417614737056	0.050362434818838404	13.276232637417452	0.0950962556004274	9.645742539308229	1.0	detected
2-20231116_MV_I_30C.csv	60S	0.10446963890205932	22.47919355536706	1.7472553397219253	3.0745448648356364	0.06005486455500464	23.804939811948323	0.09547654994102017	5.379895841601475	1.0	detected
2-20231116_MV_I_30C.csv	2-some	0.10143394091522154	38.30953371700482	1.5121439893932258	2.3260722155037388	0.047028704997044424	39.41795959956839	0.0861371044816196	4.389436461179443	1.0	detected
2-20231116_MV_I_30C.csv	3-some	0.12437279791894537	45.206770974771715	1.8537196825411157	4.027786043684328	0.04609101740638809	46.64224504821802	0.08572004663889765	6.12384381808433	1.0	detected
2-20231116_MV_I_30C.csv	4-some	0.05480387833965642	50.87354153111449	1.121423407529712	2.5028057807671202	0.06261386914630744	51.704439716810015	0.09130312235680094	3.301931149183436	1.0	detected
2-20231116_MV_I_30C.csv	5-some	0.06389991344216464	61.54999999999999	3.9999999999999996	2.386381981619087	0.07870884552746818	59.55	0.08001813719183037	11.667971826685179	1.0	detected
20-20240906_yHG005_30C.csv	free	7.161924751594142	1.2700000000000002	3.9999999999999996	4.999999999999999	0.06583405505635796	4.399560727021707	1.1177151444945586	14.129999999999997	1.0	detected
20-20240906_yHG005_30C.csv	80S	0.7148195076752094	31.25519028187327	1.8311163861724893	3.572983111652284	0.03830077509553898	32.66214398005953	0.26945808988269027	5.8530491253649	1.0	detected
20-20240906_yHG005_30C.csv	40S	0.21109708408376865	15.88	3.9999999999999996	-0.4046370781208107	0.018747912985075225	17.88	0.03434893141116896	9.801168127589802	0.7	detected
20-20240906_yHG005_30C.csv	60S	0.12463621975760883	24.872724283968942	3.2576736503594628	4.999999999999999	0.02162442859522786	27.421496163373547	0.044101181867585035	11.507732169894801	1.0	detected
20-20240906_yHG005_30C.csv	2-some	0.10221160234028152	41.999592903608274	2.040429825665764	3.7616576223366707	0.03068031401523626	43.5729731635202	0.0603145433404711	6.612768564187449	1.0	detected
20-20240906_yHG005_30C.csv	3-some	0.09245402118787943	49.62997916123403	1.9078869821882318	4.587378239102626	0.03430307062853969	51.117323997212075	0.06283087730267839	6.554216760483671	1.0	detected
20-20240906_yHG005_30C.csv	4-some	0.01980172908404471	60.94249985030462	0.7481034934812765	1.787594685918385	0.051124408989468885	61.463429656942935	0.06593022287874946	2.0767192499872036	1.0	detected
21-20240906_yHG008_30C.csv	free	8.032993604962886	1.1587650450487765	3.9027841346320398	4.999999999999999	5.659801968829792e-19	4.212265033495735	1.209204557900439	13.786584955587681	1.0	detected
21-20240906_yHG008_30C.csv	80S	0.7653295649032503	30.725012076264008	1.9480181808951142	3.5619918832190693	0.040460643173573285	32.221452345974	0.27311083016729376	6.221676091429569	1.0	detected
21-20240906_yHG008_30C.csv	40S	0.14074733258013772	14.140000000000002	3.9999999999999996	-2.4363625399031994	0.031616119089796356	16.14	0.034380578676388156	11.715053512588812	0.7	detected
21-20240906_yHG008_30C.csv	60S	0.14312343735383257	24.20556895916972	3.145851330923841	4.999999999999999	0.023184743544298142	26.666852153746778	0.04991292731208864	11.112719826488469	1.0	detected
21-20240906_yHG008_30C.csv	2-some	0.08705698007794363	42.09979486871989	1.8309416946931285	3.2380001423958844	0.027982115527993456	43.49562527131642	0.056160082769011715	5.70805051074809	1.0	detected
21-20240906_yHG008_30C.csv	3-some	0.10495313297690338	49.91381474709838	2.0890062043332907	4.999999999999999	0.029503526099313535	51.548232690994915	0.059019190428600876	7.379414416807349	1.0	detected
21-20240906_yHG008_30C.csv	4-some	0.06850524115412474	56.109513236813015	1.7254736975323341	4.99999999999761	0.03961647832563008	57.45950691663952	0.06294097824409323	6.095235836532	1.0	detected
22-20240906_yHG005_30C.csv	free	8.223967022349223	1.1707652132372641	3.999999997762174	4.999999999999999	2.7347062242367275e-21	4.300325938508118	1.207864602862056	14.12999999209488	1.0	detected
22-20240906_yHG005_30C.csv	80S	0.8115268508007121	30.41869540509299	1.8508073916282424	3.5176080881852325	0.043660388454322525	31.839142668972222	0.30335835202690276	5.891854151668905	1.0	detected
22-20240906_yHG005_30C.csv	40S	0.14968252479791086	13.420000000000002	3.9999999999999996	-4.540596974055474	0.034649751960329815	15.42	0.0349552619053397	13.697242349560256	0.7	detected
22-20240906_yHG005_30C.csv	60S	0.15881476768567465	24.13218942993599	3.3999615267485233	4.999999999999999	0.023450314401026174	26.792285946810228	0.05089218841200344	12.01036409323916	1.0	detected
22-20240906_yHG005_30C.csv	2-some	0.07193420469036824	41.12262063795874	1.6515827920068287	2.7348523771945024	0.02924805518805361	42.360251952575304	0.054962082706887544	4.95319214707906	1.0	detected
22-20240906_yHG005_30C.csv	3-some	0.09637194506543399	48.50859200453618	2.091472580189606	4.431856650726929	0.029651022098326027	50.13642128809551	0.056801251773726816	7.10829254579537	1.0	detected
22-20240906_yHG005_30C.csv	4-some	0.07067209694363169	54.63324389492004	1.6875218100671612	4.720130623796819	0.03952516580656284	55.95045507326781	0.06416211182315688	5.849947517290592	1.0	detected
23-20241017_yHG008_rep1_sample_1_30C.csv	free	7.862175784548551	1.1164592205681159	3.46351683629898	4.999999999999999	1.4542542079850965e-15	3.8262807876330562	1.3335900044519637	12.234873224226147	1.0	detected
23-20241017_yHG008_rep1_sample_1_30C.csv	80S	1.025656159158276	30.711865914043113	2.1897188024882825	3.813208721743344	0.055997520031056056	32.401861786605764	0.3330118787970506	7.123178593694034	1.0	detected
23-20241017_yHG008_rep1_sample_1_30C.csv	40S	0.10680978559130744	18.954700154463925	3.9999999999999996	-4.999999999726582	0.04682661258231475	15.8251394274488	0.06251390301434243	14.129999999742438	1.0	detected
23-20241017_yHG008_rep1_sample_1_30C.csv	60S	0.1726976171661047	24.13023359569839	2.5092910688115984	4.999999999999999	0.04126485639915523	26.093478291103164	0.08169750483763115	8.86407070057697	1.0	detected
23-20241017_yHG008_rep1_sample_1_30C.csv	2-some	0.16120670188373937	41.912860260597995	2.2520558531525814	2.832029212520351	0.03452241778348406	43.607214849044716	0.07684560347404137	6.805584149780061	1.0	detected
23-20241017_yHG008_rep1_sample_1_30C.csv	3-some	0.1720799455080921	49.81044647445647	2.4621557375039185	3.950789096193312	0.03963683406555936	51.71490340946425	0.08093686736216205	8.089193130444324	1.0	detected
23-20241017_yHG008_rep1_sample_1_30C.csv	4-some	0.1251159781989093	55.86728256963816	2.5574110895511204	4.999999999999999	0.05672414482141212	57.8681758968154	0.08546562409936204	9.034054673839332	1.0	detected
24-20241017_yHG005_rep1_sample_2_30C.csv	free	7.089064824049435	1.1059342986839094	3.035268777084819	4.999999999999996	5.425643965302196e-19	3.480698788863873	1.3721092064525973	10.72208695505212	1.0	detected
24-20241017_yHG005_rep1_sample_2_30C.csv	80S	1.3366435903446667	29.32281786407416	2.333150316203022	4.043004564221681	0.057304035646270096	31.12994526091004	0.395652744566654	7.716025747041486	1.0	detected
24-20241017_yHG005_rep1_sample_2_30C.csv	40S	0.1034665054788048	18.187798395705695	3.509119412804508	-4.962285336746693	0.04400190769897602	15.443103074425725	0.06132692990191234	12.36479701771559	1.0	detected
24-20241017_yHG005_rep1_sample_2_30C.csv	60S	0.18087100907254938	22.974180564809352	2.650309797309363	4.999999999999999	0.0404459529436329	25.047756928834414	0.08053901300879732	9.362219358995324	1.0	detected
24-20241017_yHG005_rep1_sample_2_30C.csv	2-some	0.12107948212220074	40.13208151406323	1.7940479072439781	1.9083627615672467	0.036365496569424303	41.399994801852564	0.07459259422831133	5.031262810052128	1.0	detected
24-20241017_yHG005_rep1_sample_2_30C.csv	3-some	0.15573074463758912	47.365029805219315	2.5409906266316713	3.5776983951728187	0.03700185696820486	49.31760817911181	0.07329206557491297	8.124939425217699	1.0	detected
24-20241017_yHG005_rep1_sample_2_30C.csv	4-some	0.025251580539794916	58.45295291765555	0.8786232410924397	1.9326154568270384	0.0688177309830207	59.07558011947021	0.08513337200986734	2.4690463544696657	1.0	detected
24-20241017_yHG005_rep1_sample_2_30C.csv	5-some	0.024551312528546466	64.78999999999985	3.9999997463065604	2.1037714191563315	0.07517240988723364	62.79	0.07580523853681399	11.401751953707802	1.0	detected
25-2025_1_28_C1_WH.csv	free	8.11004881644058	1.2824273661043153	2.690644657212022	4.999999999986674	4.966687737117747e-13	3.3875613284994817	1.770777550632775	9.504702251593024	1.0	detected
25-2025_1_28_C1_WH.csv	80S	1.2362395266283503	23.73671560435083	2.1301883605636625	4.511080672515641	0.06531809888504926	25.396078062922847	0.40711143744179645	7.279619427305286	1.0	detected
25-2025_1_28_C1_WH.csv	40S	0.7443058497585774	10.038073631268492	3.9999999999999996	-2.7804647720186364	0.06049667510874985	12.03807363126849	0.07127051584704709	12.039197815241552	0.4	inferred
25-2025_1_28_C1_WH.csv	60S	0.14747710081933782	18.22904939512247	3.0587239212332933	4.999999999999999	0.05161770580443662	20.622164959795857	0.07994344140402873	10.804942251756609	1.0	detected
25-2025_1_28_C1_WH.csv	2-some	0.12848171332908195	35.175729948576	3.9999999999999996	-4.999999999999955	0.04437032685138642	32.046169221554294	0.06324060115291402	14.129999999999955	1.0	detected
25-2025_1_28_C1_WH.csv	3-some	0.050449257544515694	39.80182038181284	1.1450023615862919	1.134864360069311	0.043290640587990724	40.48726166473353	0.06537716609276557	3.002494530226374	1.0	detected
25-2025_1_28_C1_WH.csv	4-some	0.0355947630460644	45.37849222831951	0.9091816254258387	1.4930144450205174	0.04831833146531537	45.98121070167513	0.0693528266108848	2.4607954440061865	1.0	detected
25-2025_1_28_C1_WH.csv	5-some	0.006420076368390125	53.554167473727915	0.41924078807328874	0.7117196461326218	0.05793920559214267	53.74813164313984	0.06484488721506651	1.0575809946182533	1.0	detected
25-2025_1_28_C1_WH.csv	6-some	0.03957868023596119	57.31000000901281	3.7490972208327698	0.308602601859365	0.05414924613559374	58.19208935829413	0.05848297094652474	9.101593017528245	1.0	detected
26-2025_1_28_C3_SH.csv	free	9.067292521148618	1.299714201008743	3.0208612771435406	4.999999999999999	1.4928381758461602e-19	3.6632064046910084	1.7633711441441087	10.671192461509557	1.0	detected
26-2025_1_28_C3_SH.csv	80S	0.6405807345489833	23.780219286451985	1.7585159290246546	3.6214042546352387	0.07416592672508567	25.132695290410236	0.2898203958580931	5.641038972181894	1.0	detected
26-2025_1_28_C3_SH.csv	40S	1.1074100843549557	10.058915864251317	3.9999999999999996	-2.637294412752153	0.07559900118565104	12.058915864251258	0.09385390572873525	11.904331336812527	0.4	inferred
26-2025_1_28_C3_SH.csv	60S	0.1169275146379287	18.61643984411858	1.314496161831338	2.266791197002193	0.0689708469062485	19.57602903816062	0.12067972208389927	3.7973550623879926	1.0	detected
26-2025_1_28_C3_SH.csv	2-some	0.04800408261527412	34.25379413819806	1.0391103196450433	-1.023224040788896	0.048097956322636165	33.66084851716052	0.07066076648264552	2.6974984492158938	1.0	detected
26-2025_1_28_C3_SH.csv	3-some	0.06413714408719463	39.61403475833844	1.3305133459477898	2.3593180748844653	0.04245022663368482	40.591458146385584	0.0705965482943605	3.8726179655028927	1.0	detected
26-2025_1_28_C3_SH.csv	4-some	0.0437605336534127	45.185183261126646	0.9454777842625133	1.7681800951909363	0.048816325662535	45.84182581379219	0.0746483510529168	2.620303194103386	1.0	detected
26-2025_1_28_C3_SH.csv	5-some	0.006181177409107751	55.489999999999995	1.0651594746555737	4.999999999999992	0.061247698403360584	56.323370314974284	0.06465690609046627	3.762675844220812	1.0	detected
26-2025_1_28_C3_SH.csv	6-some	0.10673999999969533	58.63686219774149	3.999999945770608	0.1102328280286256	0.0537340343255396	58.98655627984049	0.0644207483740577	9.52383919488496	1.0	detected
27-2025_1_28_C5_SH.csv	free	8.005937134065867	1.399828688182957	3.1092218936297535	4.99999999999994	2.96931420178794e-15	3.832453370657891	1.5127158017158127	10.98332633924706	1.0	detected
27-2025_1_28_C5_SH.csv	80S	0.7399343752409466	23.340293076093747	1.8792681873258188	3.8469191290167015	0.057849471202384116	24.791502236133447	0.2906632035706256	6.128198571039906	1.0	detected
27-2025_1_28_C5_SH.csv	40S	1.3268764087799532	10.092601139107636	3.9999999999999996	-2.400847070009898	0.0630078712448796	12.092601139107634	0.08986590173049579	11.68159793994932	0.4	inferred
27-2025_1_28_C5_SH.csv	60S	0.04695278101969144	18.313908500129052	1.0781938725016464	1.844453125549174	0.056896952229499975	19.07018248737874	0.08140644829414456	3.007480252420072	1.0	detected
27-2025_1_28_C5_SH.csv	2-some	0.08889511150497775	34.89826935553515	3.742149126468057	-4.999999999999999	0.03594392476878904	31.970448620321893	0.049899690605061206	13.219141789248411	1.0	detected
27-2025_1_28_C5_SH.csv	3-some	0.046100555912347664	39.51564436417975	1.148894782094426	1.33579897551094	0.03486638343094619	40.24948003268698	0.05583717574445382	3.067067289198345	1.0	detected
27-2025_1_28_C5_SH.csv	4-some	0.03679931337466785	45.05775542250787	0.972519922026239	1.9462115642180398	0.03802464345785548	45.74793699989476	0.05953241409228799	2.7360222180209077	1.0	detected
27-2025_1_28_C5_SH.csv	5-some	0.015918926394232456	49.70045693032418	0.6162065228334035	1.1459115029761566	0.043971114555979136	50.0708978816211	0.05695305043332161	1.6174571838841052	1.0	detected
27-2025_1_28_C5_SH.csv	6-some	0.09240508176070382	60.48247474823345	3.999999999970283	0.00011640966542150895	0.0440328711015796	60.482846274130004	0.05324894465097546	9.420109657834843	1.0	detected
28-C1_SH_mock_PFA_052325.csv	free	8.122696338138537	1.058059445796953	2.8002188212494565	4.999999999999999	4.135785803799927e-15	3.2489231583092826	1.7041394588699144	9.891772986063705	1.0	detected
28-C1_SH_mock_PFA_052325.csv	80S	0.744473946866876	24.788436219471482	2.043646612952209	4.260590917375241	0.06880452432968441	26.3758912550471	0.2836659109198743	6.863319761006368	1.0	detected
28-C1_SH_mock_PFA_052325.csv	40S	0.37494430055056205	11.560000000000029	3.9999999999999996	-1.3134583718554094	0.056538392732060024	13.56	0.07341373469634116	10.657277786287793	1.0	detected
28-C1_SH_mock_PFA_052325.csv	60S	0.13100990075567792	19.352298311417265	2.5416981131029632	4.999999999999999	0.05487739600197739	21.34089796009532	0.0851588717409363	8.978548584536217	1.0	detected
28-C1_SH_mock_PFA_052325.csv	2-some	0.04548990017601022	34.470713971503	0.9950553153699645	0.9011235584087632	0.05656792471444652	35.002197361301214	0.07822776569772143	2.554520531440504	1.0	detected
28-C1_SH_mock_PFA_052325.csv	3-some	0.06062879741703935	40.831229420293404	2.026709256991524	4.999999999999997	0.04993943255840403	42.41690684423641	0.06751398961502769	7.159350450322557	1.0	detected
28-C1_SH_mock_PFA_052325.csv	4-some	0.07804794662205779	46.075419144430455	3.340386470112108	4.999999999999999	0.05676854922850588	48.68890472191484	0.07049510727061639	11.79991520567102	1.0	detected
28-C1_SH_mock_PFA_052325.csv	5-some	0.05290346792639565	56.779999999999994	3.9999999999999996	2.1741856223777134	0.07358555905880756	54.78	0.07487535373979909	11.468082856279803	1.0	detected
28-C1_SH_mock_PFA_052325.csv	6-some	0.0610299807961914	64.90999990806081	3.5878649366367936	-1.0376645158584001	0.07947003035973418	62.84869968827495	0.08780665841085464	9.3261884569694	1.0	detected
29-C3_SH_mock_PFA_052325.csv	free	8.826444271968509	1.062852996788194	3.038446318994164	4.999999999999999	2.98997358877066e-16	3.440103564560146	1.7065974827428503	10.733311621846884	1.0	detected
29-C3_SH_mock_PFA_052325.csv	80S	0.763454448734043	24.7812160929125	2.0500701489390947	4.1955864042866295	0.0705630533115125	26.372364171017395	0.2902985546482184	6.853508738483771	1.0	detected
29-C3_SH_mock_PFA_052325.csv	40S	0.4315042595547242	11.380000000000003	3.9999999999999996	-1.8776506319646664	0.05842807658420166	13.38	0.07163809582137268	11.188746895310715	1.0	detected
29-C3_SH_mock_PFA_052325.csv	60S	0.16283396849939766	19.27118441597316	2.900494726659043	4.999999999999999	0.05221156840434014	21.540503012344587	0.08519302350867737	10.245997621923069	1.0	detected
29-C3_SH_mock_PFA_052325.csv	2-some	0.04386916938730868	34.367075050819004	0.9653967594143434	0.888810159205528	0.061391288678680205	34.87879269804273	0.08285341608531663	2.4755811907909124	1.0	detected
29-C3_SH_mock_PFA_052325.csv	3-some	0.04829246319931432	40.75705771884877	1.6596689946785514	3.609457376290926	0.05333841335341997	42.03321074737477	0.07056555599323304	5.319284291050813	1.0	detected
29-C3_SH_mock_PFA_052325.csv	4-some	0.0734635168259708	45.89506343694533	3.329951532299988	4.999999999999999	0.05775546301921608	48.500384821538276	0.07071622955612716	11.763053787849707	1.0	detected
29-C3_SH_mock_PFA_052325.csv	5-some	0.050318414821654806	56.41563494255509	3.999999999963048	1.8676416892986958	0.07513254418318958	54.63	0.07696971507555586	11.179318471216098	1.0	detected
29-C3_SH_mock_PFA_052325.csv	6-some	0.0818399989737714	64.46861247902436	3.999999985691291	-1.093948478228746	0.07750412155686062	62.11297072214321	0.08766513795068416	10.45049942910819	1.0	detected
3-20231116_MV_A_30C.csv	free	10.174538756478492	1.070562756398302	3.3402784692051233	4.99999999999459	2.3832529741803647e-13	3.6839638350333286	1.7894886220075539	11.799533692462843	1.0	detected
3-20231116_MV_A_30C.csv	80S	0.6513423164242195	28.480076358063638	1.8561773826845975	3.5782578991450227	0.0624918131680225	29.906438518187578	0.2702733283666877	5.935460801637421	1.0	detected
3-20231116_MV_A_30C.csv	40S	0.5225254159744745	14.110000000000271	3.9999999999999996	-0.22974242953678228	0.044639126304685875	13.395385008806109	0.09760761000548913	9.636417368623649	1.0	detected
3-20231116_MV_A_30C.csv	60S	0.08869468305240705	22.913026348537542	1.772479676033784	3.1848502707705246	0.05600784030579633	24.26231228631601	0.0856615993011254	5.503606536643227	1.0	detected
3-20231116_MV_A_30C.csv	2-some	0.14557777188768076	38.63767238415014	1.8917194303175573	3.5103942136847803	0.04572105975477881	40.08929531897026	0.09130137101381547	6.018879620262826	1.0	detected
3-20231116_MV_A_30C.csv	3-some	0.16200712128087028	45.70601870514326	1.9269957869282066	4.241242100181903	0.050170301090775006	47.20250498711261	0.09976311651093175	6.462782585767493	1.0	detected
3-20231116_MV_A_30C.csv	4-some	0.023694556218373	55.9999822515841	0.6643636196981092	1.3159934611211739	0.08487484396659319	56.42204021775723	0.10344359807056805	1.7704735456211458	1.0	detected
3-20231116_MV_A_30C.csv	5-some	0.06786399854949193	63.79324463548689	3.9999965951572443	2.629695089680898	0.09584654949479735	63.09	0.10013755432665153	11.897162647478773	1.0	detected
30-C5_WH_mock_PFA_052325.csv	free	8.87680106798938	1.053840039044808	3.047228553916697	4.999999999999717	1.0508173505325305e-14	3.4379617411940138	1.7113874514100889	10.764334866710527	1.0	detected
30-C5_WH_mock_PFA_052325.csv	80S	0.7980644619059958	24.012942526814903	2.0525013035697883	4.175796195509506	0.06865856677562741	25.605570883353213	0.29811105437471136	6.8520703601345945	1.0	detected
30-C5_WH_mock_PFA_052325.csv	40S	0.5616523463591669	10.840000000000002	3.9999999999999996	-2.4560304141862077	0.06968189340083426	12.84	0.08052987972126097	11.733580650163406	1.0	detected
30-C5_WH_mock_PFA_052325.csv	60S	0.05040742628967918	18.95210323539292	1.1922645758988295	2.3576609289729364	0.06597686615077736	19.827872366262298	0.09066121629513377	3.4697631218304035	1.0	detected
30-C5_WH_mock_PFA_052325.csv	2-some	0.05117238691945293	33.59433644257712	1.028888078606456	1.3567438366116042	0.05830097481532012	34.255165685373264	0.08439656419283013	2.75177472031274	1.0	detected
30-C5_WH_mock_PFA_052325.csv	3-some	0.06257873379382758	40.07345557610145	2.077895819524816	4.999999999999999	0.05026818259675192	41.69918086400831	0.06796111781129494	7.340166982471412	1.0	detected
30-C5_WH_mock_PFA_052325.csv	4-some	0.0557273743557703	45.35608878755527	2.411050872057173	4.999999999999999	0.05825284650388683	47.242471317565666	0.07183157462010786	8.517037205541964	1.0	detected
30-C5_WH_mock_PFA_052325.csv	5-some	0.010321575480625863	50.207121776904856	0.6824710904041983	1.5545554899302048	0.06828016499850735	50.665085168441244	0.07648442945535197	1.8570705948640678	1.0	detected
30-C5_WH_mock_PFA_052325.csv	6-some	0.09670404789835146	61.87999999885514	3.9999999999999996	0.42922103796989003	0.07179302099815484	59.88	0.07885819976265138	9.824326217767634	1.0	detected
31-C1_eIF3b_DMSO_061825.csv	free	8.841760826521655	1.1591512745619845	3.2462949447492853	4.999999999999999	7.350958073007101e-20	3.6990205664161016	1.600102016616236	11.46753689232685	1.0	detected
31-C1_eIF3b_DMSO_061825.csv	80S	0.4351600077133863	24.434172996750174	1.855972606612492	3.801606974282346	0.09466258772664826	25.866306351715703	0.23333658458799805	6.032427753038239	1.0	detected
31-C1_eIF3b_DMSO_061825.csv	40S	0.5105084343677618	11.320000000000002	3.9999999999999996	-1.1888616854507312	0.07645483616997244	13.32	0.10126796048147461	10.539907707694587	1.0	detected
31-C1_eIF3b_DMSO_061825.csv	60S	0.437329264307348	22.909999999999997	3.9999999999999996	2.396290785401581	0.0816890794865477	20.91	0.09057538591417755	11.677305919848289	1.0	detected
31-C1_eIF3b_DMSO_061825.csv	2-some	0.20018865755846213	33.91184992148951	2.13835588523094	4.864529961651631	0.05994584992613992	35.58306459681257	0.11498011157101128	7.485521781864355	1.0	detected
31-C1_eIF3b_DMSO_061825.csv	3-some	0.275916459535953	40.6960107541554	2.124327007652602	4.999999999999999	0.0701089577601767	42.358063347780686	0.1464139800010042	7.504185154532817	1.0	detected
31-C1_eIF3b_DMSO_061825.csv	4-some	0.19638353303367048	46.18946645103215	2.161439814109662	4.999999999999999	0.10500401368968522	47.88055574004683	0.15838158471259997	7.63528614334238	1.0	detected
31-C1_eIF3b_DMSO_061825.csv	5-some	0.03575621609385438	50.892462009154976	0.6980028422160188	2.028605749659993	0.143617681748439	51.39199231613902	0.17293792489960166	1.9772582357728552	1.0	detected
31-C1_eIF3b_DMSO_061825.csv	6-some	0.3846913868178479	62.23999999999999	3.9999999999999996	0.7152752749205459	0.15749583461915262	60.24	0.18189521111222307	10.093789308975152	1.0	detected
32-C3_eIF3b_DMSO_061825.csv	free	8.97838184511179	3.2146381953732464	1.8018452566249235	-0.00018626017096312172	0.1994228124766917	3.2143704157402446	2.187305042645385	4.243424615979	1.0	detected
32-C3_eIF3b_DMSO_061825.csv	80S	0.8522611486799773	23.816815661184805	2.0509330110647412	4.418915437921116	0.1214105849021403	25.412865533914424	0.3662767521716468	6.964260083842799	1.0	detected
32-C3_eIF3b_DMSO_061825.csv	40S	0.8193324435244602	10.742075249050187	3.9999999999999996	-2.4828423319279005	0.09504401686314064	12.742075249050185	0.11050901529509578	11.758837476676081	0.4	inferred
32-C3_eIF3b_DMSO_061825.csv	60S	0.704376761868485	22.099999999999902	3.9999999999999996	1.757241812147457	0.08997661542274094	20.1	0.11351097215177662	11.075321787042903	1.0	detected
32-C3_eIF3b_DMSO_061825.csv	2-some	0.14334802029491353	33.16914952257011	1.671316103253141	3.2513509492666297	0.07975522156335704	34.443743174462014	0.13058450562651297	5.21566471248719	1.0	detected
32-C3_eIF3b_DMSO_061825.csv	3-some	0.2636578623991708	39.583672902992774	2.1193218373837026	4.999999999999999	0.07943262206367217	41.241809500541656	0.1525197168084959	7.48650439055793	1.0	detected
32-C3_eIF3b_DMSO_061825.csv	4-some	0.1757025668156507	44.90241165237147	2.1722097414952004	4.999999999999999	0.11548166309854037	46.60192722683081	0.16300131320672012	7.673330911831796	1.0	detected
32-C3_eIF3b_DMSO_061825.csv	5-some	0.10255189462441529	49.310472082031644	3.6314975095587343	4.9999999953998975	0.14565662218837705	52.151720078479144	0.16224694447400315	12.828264948582138	1.0	detected
32-C3_eIF3b_DMSO_061825.csv	6-some	0.44004226708452	60.55999999995401	3.9999999999999996	0.16300629564610997	0.15711004426335945	61.07346391046671	0.20136446411788206	9.573551930498635	1.0	detected
33-C5_eIF3b_DMSO_061825.csv	free	8.394382628033172	3.164281756637734	1.730676935827666	-0.00017817741299257244	0.25797944355386754	3.1640357149430978	2.1929877126910804	4.075816804429624	1.0	detected
33-C5_eIF3b_DMSO_061825.csv	80S	0.9047570596401567	23.545886328105187	2.1852378334626654	4.24386050434593	0.12244400373343782	25.242976012449496	0.3666699580088781	7.330225485569743	1.0	detected
33-C5_eIF3b_DMSO_061825.csv	40S	0.8295164774320781	10.667654537004227	3.9999999999999996	-2.6962537264617783	0.09223132633991082	12.667654537004225	0.10519936320947143	11.959871010326994	0.4	inferred
33-C5_eIF3b_DMSO_061825.csv	60S	0.7952788234770213	21.979999999999986	3.9999999999999996	2.600520518034448	0.09226318818284296	19.98	0.10580853405308224	11.869690327988447	1.0	detected
33-C5_eIF3b_DMSO_061825.csv	2-some	0.13101983338212042	32.91584566579879	1.6201569297922331	2.9316403887548517	0.08822181416282412	34.13932410121297	0.13608710362504822	4.934028038908952	1.0	detected
33-C5_eIF3b_DMSO_061825.csv	3-some	0.2689042325596213	39.368206216267595	2.1675029594305455	4.999999999999999	0.08662612306498726	41.06403925065189	0.15951056354011012	7.656704204188403	1.0	detected
33-C5_eIF3b_DMSO_061825.csv	4-some	0.2304383989139115	44.59789517152211	2.7786808971352586	4.999999999999999	0.12224283223645732	46.7719078236721	0.17096348056355737	9.8156902691303	1.0	detected
33-C5_eIF3b_DMSO_061825.csv	5-some	0.1436762141775816	51.52999999999998	3.9999999944463887	1.8506930595726343	0.161991862473638	49.53	0.16647843017450098	11.163352846618192	1.0	detected
33-C5_eIF3b_DMSO_061825.csv	6-some	0.4072725110133345	60.07999999619378	3.9999999999999996	0.2247394438834721	0.17356974618566054	60.77980929728324	0.21482701741792953	9.63170455613823	1.0	detected
34-C1_SH_30_012126.csv	free	7.857753107098497	1.0719881089121621	3.151777326802487	4.999999999999967	1.1517280997834496e-15	3.5379077444817923	1.4646698345744134	11.13365340692976	1.0	detected
34-C1_SH_30_012126.csv	80S	1.5908644247493653	25.81988520557863	2.594531713574275	4.974532669682775	0.09604483934277663	27.849420734465923	0.4563095778740091	9.149622428203536	1.0	detected
34-C1_SH_30_012126.csv	40S	0.5476442722492502	10.830596285762557	3.9999999999999996	-2.1314865242244077	0.08272367549549342	12.830596285762555	0.0965353596763012	11.42786030581939	0.4	inferred
34-C1_SH_30_012126.csv	60S	0.21550272922748856	19.86506193954298	3.300055060448846	4.999999999999999	0.07562186711027467	22.44699261809047	0.11398627270430738	11.657444501035547	1.0	detected
34-C1_SH_30_012126.csv	2-some	0.19362715877242792	37.970307463796445	3.9999999999999996	-4.999999999994432	0.0741575126022637	34.840746736774875	0.10259578217065529	14.129999999994752	1.0	detected
34-C1_SH_30_012126.csv	3-some	0.11100066667512955	42.34524226240495	1.6471235358996354	3.294483519624662	0.0731009571550745	43.60280031646571	0.11303757067506742	5.156898153510249	1.0	detected
34-C1_SH_30_012126.csv	4-some	0.06464831356372891	47.90969841528562	1.0551058592289777	2.393388250823018	0.09049351459533776	48.68647538527513	0.1263209698648444	3.079477259678162	1.0	detected
34-C1_SH_30_012126.csv	5-some	0.06986088583924661	58.09999999995089	2.533472889839876	1.1738988493110967	0.11645812017070242	56.1	0.11931044400010496	6.666715289911795	1.0	detected
35-C2_SH_42_012126.csv	free	7.254864984587663	1.1108214873762168	3.7519279145246593	4.999999999997284	6.58486627169574e-15	4.046293050354363	1.135982742884327	13.253685358055959	1.0	detected
35-C2_SH_42_012126.csv	80S	1.8989395523345565	24.67488032074757	2.7493932174617615	4.999999999999991	0.07520863837743413	26.825978579874615	0.48097044780234766	9.712231540683666	1.0	detected
35-C2_SH_42_012126.csv	40S	1.1584577319748977	10.829967644366157	3.999999999999999	-1.5468537787230476	0.09337458505527456	12.829967644366155	0.13816393762979837	10.877136259557108	0.4	inferred
35-C2_SH_42_012126.csv	60S	0.12790229212463208	22.279999999997113	3.9999999999994156	1.2205003076557923	0.07619730304050945	20.28	0.08229544190031746	10.569711289810211	1.0	detected
35-C2_SH_42_012126.csv	2-some	0.07739848877477418	37.36000000000001	3.7017809358591225	-4.999999999995879	0.06743078102819823	39.36	0.0674805542038486	13.076541155918756	1.0	detected
35-C2_SH_42_012126.csv	3-some	0.02996294849137626	41.40321466264494	1.3023786360800549	2.1295841881318265	0.06338858405162279	42.34382180558031	0.07665384121422865	3.720266813777551	1.0	detected
35-C2_SH_42_012126.csv	4-some	0.02073322707641727	46.811853248835995	1.2258767463960978	3.0337588608792263	0.06737988633818781	47.740796616327245	0.07739767679270482	3.762767638789038	1.0	detected
35-C2_SH_42_012126.csv	5-some	0.031481276205429815	55.01910932380085	3.816829879786471	4.999999999999993	0.07584824392736261	58.005359547176525	0.08069383110520216	13.482951550345703	1.0	detected
35-C2_SH_42_012126.csv	6-some	0.13411000000000003	58.660188280944915	3.7069651518497833	-0.2188714446667881	0.0663220125294259	58.02779568974763	0.08097005657147069	8.920975579272277	1.0	detected
36-C3_SH_46_012126.csv	free	7.488636659797245	1.0792685278897693	3.5806232841562053	4.999999999999999	3.1928371478942263e-15	3.8807130299784562	1.228686292691895	12.648551751281794	1.0	detected
36-C3_SH_46_012126.csv	80S	2.004223636686335	23.94700002348369	2.4391217699591605	4.999999999999999	0.08273522711305151	25.855344948405655	0.5654711102341858	8.616197652380734	1.0	detected
36-C3_SH_46_012126.csv	40S	1.2182837115541594	10.087757288343177	3.9999999999999996	-2.3478899495853462	0.07732509170166824	12.087757288343175	0.10310474043820152	11.631712332509395	0.4	inferred
36-C3_SH_46_012126.csv	60S	0.45324362830277604	21.709999999999997	3.9999999999999996	0.6852429438860743	0.06024971084501758	19.71	0.08944661321293648	10.065498853140681	1.0	detected
36-C3_SH_46_012126.csv	2-some	0.21834155644034903	33.910000000000004	3.999999999999619	-1.816588569594923	0.04107081570872384	35.91	0.048060702557817546	11.131226432557359	1.0	detected
36-C3_SH_46_012126.csv	3-some	0.04061204563172852	41.516133252601776	3.999994288562568	-4.999999999999999	0.03671304046963235	38.38657699415264	0.04267779230408579	14.129979824347274	1.0	detected
36-C3_SH_46_012126.csv	4-some	0.008931628789800545	44.93606687709917	0.7403602337929693	0.9927582751983514	0.03712117068296972	45.35224971773241	0.04296968800533113	1.9166405559073583	1.0	detected
36-C3_SH_46_012126.csv	5-some	0.007586699187199226	50.38000000000001	1.4405871939893817	-4.272505167095279	0.035775859276959344	52.38	0.03577585927936348	4.842065614003147	1.0	detected
36-C3_SH_46_012126.csv	6-some	0.03263085655670485	58.33000015047837	3.9999999999799045	-0.6726366475321622	0.03127345650425621	60.33	0.033389095927661816	10.053623721924788	0.7	detected
37-C4_BY4741_30_012126.csv	free	8.710182470437669	1.1004374470585971	3.9999999999999996	4.999999999999942	9.323964357080726e-18	4.229998174080302	1.2792756897048028	14.129999999999942	1.0	detected
37-C4_BY4741_30_012126.csv	80S	1.6759352889392825	25.162537491931545	2.6945232016795084	4.999999999999999	0.08103954149547792	27.27070598943779	0.44644262114224575	9.518403209932863	1.0	detected
37-C4_BY4741_30_012126.csv	40S	1.7289076441971327	10.873229780504035	3.9999999999999996	-1.6503201707507864	0.11149074033881623	12.873229780504033	0.17377184916079844	10.97460160084724	0.4	inferred
37-C4_BY4741_30_012126.csv	60S	0.37325325410638305	23.17999999999991	3.9999999999070286	3.250808970244565	0.0781303130928694	21.18	0.08154947079369078	12.482262049680257	1.0	detected
37-C4_BY4741_30_012126.csv	2-some	0.4161906126816494	33.82000000000006	3.9999999999999996	-0.3858488586607447	0.05908532031580911	35.82	0.09011292592124011	9.78346962485842	1.0	detected
37-C4_BY4741_30_012126.csv	3-some	0.10228755819472343	41.81099827493773	2.328923140535204	4.999999999999999	0.06299118327319726	43.63312487415549	0.08879384686982933	8.226920993940608	1.0	detected
37-C4_BY4741_30_012126.csv	4-some	0.10719254340372208	47.13500995257619	3.3201571056868433	4.999999999999999	0.07485231458953746	49.73266827395109	0.09381949724085692	11.728454975838774	1.0	detected
37-C4_BY4741_30_012126.csv	5-some	0.060861496508975946	57.859999999561005	3.9999935385689107	1.7769505968170847	0.09937162395936264	55.86	0.10137659499890053	11.093869541604356	1.0	detected
37-C4_BY4741_30_012126.csv	6-some	0.0378519771001957	64.78999999999998	3.406228347921766	-2.239220057154021	0.1053100841039731	62.30843851504166	0.1117603876219399	9.817895693213277	1.0	detected
38-C5_BY4741_42_012126.csv	free	11.02075971118079	1.0641599691328452	3.6401517181665466	4.999999999999999	3.6575609159792304e-15	3.9121789335264987	1.7786435982357676	12.858835944423324	1.0	detected
38-C5_BY4741_42_012126.csv	80S	2.4088529120400337	24.90816998475853	2.733669614250864	4.999999999999999	0.09125850293987146	27.046966251111552	0.6089382109533528	9.656687912341177	1.0	detected
38-C5_BY4741_42_012126.csv	40S	1.7746938121615992	10.714072013486799	3.9999999999999996	-2.3012750532249555	0.10628654903856181	12.714072013486797	0.14531853137963563	11.587801100137906	0.4	inferred
38-C5_BY4741_42_012126.csv	60S	0.3647355756936644	22.489999999999995	3.9999999999999996	0.6392010810641641	0.07480180633481844	20.49	0.09885542431600686	10.022127418362441	1.0	detected
38-C5_BY4741_42_012126.csv	2-some	0.5183691552252271	33.24895677818908	3.9999999999999996	-2.048845114745685	0.05918876159940083	35.248956778188855	0.07313337704805821	11.350012098090433	0.4	inferred
38-C5_BY4741_42_012126.csv	3-some	0.02665648946384439	43.16430303521068	1.6413724967494876	-2.8662631945763137	0.05107442650931936	41.92777302646962	0.06068060123174182	4.973366842998433	1.0	detected
38-C5_BY4741_42_012126.csv	4-some	0.017765989712156403	47.15022703557163	0.7959702863624931	0.9257065702383158	0.05206309311973501	47.58165886915556	0.06270436214352018	2.0480346489386263	1.0	detected
38-C5_BY4741_42_012126.csv	5-some	0.013352892899789453	57.46999999999999	2.7064976732954094	4.999999990033862	0.056959009771651116	55.47	0.056959339397837525	9.560703024563812	1.0	detected
38-C5_BY4741_42_012126.csv	6-some	0.06035999994097313	64.99994691381087	3.9115661612805463	0.30499243602675324	0.05947733092520182	65.91041699608748	0.06580804134729384	9.492689360530852	1.0	detected
39-C6_BY4741_46_012126.csv	free	10.421985535004106	1.2700000000000002	3.610906891159067	4.999999999999999	0.1714802069797498	4.095138098875866	1.8671100873932358	12.755528593019404	1.0	detected
39-C6_BY4741_46_012126.csv	80S	2.623405008832223	24.80237100698888	2.8062452633906374	4.999999999999999	0.08375328685073229	26.997949748663387	0.6329609688057725	9.913061392927426	1.0	detected
39-C6_BY4741_46_012126.csv	40S	1.8017967226910172	11.098599521326049	3.999999999999971	-1.895426939102863	0.0984922505033056	13.098599521325939	0.15293144182862972	11.205492176634818	0.4	inferred
39-C6_BY4741_46_012126.csv	60S	0.22085147732169277	22.339999999999996	3.9999999999999125	1.4672504745771808	0.07751304599491535	20.34	0.08651653259924057	10.802149947051468	1.0	detected
39-C6_BY4741_46_012126.csv	2-some	0.6350868494116969	32.82557548524483	3.9999999999999996	-2.549141904748677	0.05221987760725685	34.825575485244826	0.06353705364554431	11.821291674273251	0.4	inferred
39-C6_BY4741_46_012126.csv	3-some	0.03500432412325447	43.777332025957314	3.9999999995928195	-4.999999982554442	0.03818272628844049	40.647771299674154	0.043323856344616364	14.12999998212792	1.0	detected
39-C6_BY4741_46_012126.csv	4-some	0.006742336227384311	47.620931670753244	0.9523239526939202	1.4522823470520085	0.03883848269483878	48.24676228633643	0.04261677317858794	2.568429597542229	1.0	detected
39-C6_BY4741_46_012126.csv	5-some	0.003459579505662509	52.47261954052248	0.5379076194284408	-0.02138692317197529	0.039315771383739935	52.463442624313416	0.04188196191505083	1.2694816802470723	1.0	detected
39-C6_BY4741_46_012126.csv	6-some	0.009278603444605415	60.27012995454867	3.999355375749881	-1.768568481616014	0.03675813520051711	60.9	0.03747171938336469	11.084204934941345	0.7	detected
4-20231116_BY4742_40C.csv	free	9.576414019817674	1.083986515906185	3.279515397649579	4.999999999981709	2.0515851890989028e-13	3.6498471639425984	1.715497638764668	11.58488814218301	1.0	detected
4-20231116_BY4742_40C.csv	80S	0.9465842086711413	28.48466808019273	2.0259176160020997	4.1999297032585945	0.05718619111330487	30.0571577050315	0.3328703473175231	6.774837560844329	1.0	detected
4-20231116_BY4742_40C.csv	40S	0.3527084447797457	14.000000000000002	3.9999999999999996	-0.6370878930450556	0.05445080251142294	16.0	0.07773612661062129	10.02013679524844	1.0	detected
4-20231116_BY4742_40C.csv	60S	0.08052745495348768	22.954770172600476	1.2589857878603268	1.4416790505982224	0.053730491649312276	23.780169739896753	0.0878034480149426	3.3923566144381447	1.0	detected
4-20231116_BY4742_40C.csv	2-some	0.06034556359207163	39.12247147651913	1.2372969398356146	1.5115156077495773	0.043937740224316214	39.94581323142465	0.07021955827426785	3.3542648945867084	1.0	detected
4-20231116_BY4742_40C.csv	3-some	0.08333263463084137	46.10743597923046	1.6562194025132617	3.035722295164892	0.04083407288251225	47.36256340835928	0.0706366358190049	5.084448812986812	1.0	detected
4-20231116_BY4742_40C.csv	4-some	0.019559591429133293	56.709785629604156	0.8039329124271613	1.9887045505366914	0.060663822279435106	57.282859601601764	0.07454413952834547	2.2697758859850756	1.0	detected
4-20231116_BY4742_40C.csv	5-some	0.0711587490338258	65.47999882233013	3.999999999999906	0.1750548507868136	0.06523889936393328	66.03032455501199	0.07240418857405574	9.584901669440953	1.0	detected
5-20231116_MV_I_40C.csv	free	9.781769999923347	5.0708571296499585	3.999999999999799	-1.3098688060743107	0.8011331255221095	2.534079170964723	2.0728236287255135	10.653896415321464	1.0	detected
5-20231116_MV_I_40C.csv	80S	0.6760153060584817	29.956994026517844	1.8957188696364702	3.5460555784279686	0.06784045259746112	31.41277972666935	0.27902384683191334	6.047525351339599	1.0	detected
5-20231116_MV_I_40C.csv	40S	0.32478091540727455	15.550000000099766	3.9999999999999742	-1.0033793380460516	0.07556778565908291	17.55	0.09317351333322219	10.365183336439314	1.0	detected
5-20231116_MV_I_40C.csv	60S	0.07410047638332605	24.676198369115454	1.095406545337964	0.9195429872612503	0.0682551478179892	25.267791914643983	0.10045609470103065	2.8168953016113036	1.0	detected
5-20231116_MV_I_40C.csv	2-some	0.07663416103432895	40.38949602373248	1.5050692521752507	2.275964089524338	0.04450730179360264	41.48892523627752	0.07412014177252826	4.351139469654373	1.0	detected
5-20231116_MV_I_40C.csv	3-some	0.1023692409751765	47.52101064444502	1.8359835483188276	3.512614731321573	0.043191373451245504	48.92993112793237	0.07621585059181216	5.842504979417844	1.0	detected
5-20231116_MV_I_40C.csv	4-some	0.021131833834998868	58.22780426776703	0.7114209487666171	1.3754588294861723	0.06699844730080559	58.68692155705685	0.08263747537595392	1.9058402024417955	1.0	detected
5-20231116_MV_I_40C.csv	5-some	0.06904467040134692	64.36999999280977	3.9999999740901124	1.9388669985182623	0.07268232132773068	62.37	0.07470190380802208	11.246412639755881	1.0	detected
6-20231116_MV_A_40C.csv	free	10.709424773342805	1.1900000000000002	3.502783146973005	4.999999999999999	0.044377359987198925	3.9305431430100555	1.8405570368104451	12.37358146668214	1.0	detected
6-20231116_MV_A_40C.csv	80S	0.7688000203868218	28.67591649827842	1.9794124391546302	3.576079773718584	0.06865154255624746	30.196910354682288	0.2986359358909958	6.32851170766725	1.0	detected
6-20231116_MV_A_40C.csv	40S	0.39912614953178766	13.930000000000001	3.9999999999999996	-1.0148610625173151	0.08040523453911663	15.93	0.10189938950316682	10.37599912089131	1.0	detected
6-20231116_MV_A_40C.csv	60S	0.0760063956561716	23.800502399167634	0.9226163526467343	0.10850619042926841	0.07065405058416914	23.87991219056004	0.1036419407906351	2.1963373179044456	1.0	detected
6-20231116_MV_A_40C.csv	2-some	0.0667516062760558	38.93710124315205	1.3852034303330456	1.888334343761428	0.04617818601835162	39.913829509347494	0.07342049065977752	3.878157836529217	1.0	detected
6-20231116_MV_A_40C.csv	3-some	0.10461841161360112	45.894860689824114	2.0459512642006286	4.110492300619236	0.04327000040348072	47.481029538055246	0.07345733066057142	6.798738886602585	1.0	detected
6-20231116_MV_A_40C.csv	4-some	0.08526949754547564	51.56111146789142	2.5020167420947534	4.999999999999999	0.05400723965097988	53.518664801494054	0.0740289132752439	8.838374141449716	1.0	detected
6-20231116_MV_A_40C.csv	5-some	0.07280365912017495	62.77999995029883	3.9999999998344817	1.7537608186983078	0.0757855072301963	60.78	0.0782240480959193	11.072042690755652	1.0	detected
7-20240419_BY4742_30.csv	free	8.97072640758965	1.0993086704056103	3.4425269324571266	4.999999999999999	6.005909081008028e-18	3.792707942788694	1.5309011529431202	12.1607263889048	1.0	detected
7-20240419_BY4742_30.csv	80S	0.8036259976867385	26.969257797244445	1.9423417487269212	3.7591404777904165	0.07373823801136192	28.466935893815542	0.31850333452942103	6.293726425991845	1.0	detected
7-20240419_BY4742_30.csv	40S	0.47401690545082464	11.800000000000082	3.9999999999999996	-1.175800614223688	0.08070566165933585	13.8	0.10392766487260004	10.527604178598711	1.0	detected
7-20240419_BY4742_30.csv	60S	0.08098329218461886	21.001434881002194	1.7180642328098215	3.3917270714420993	0.06999766475718369	22.31629371674874	0.09792678414581535	5.418348038442484	1.0	detected
7-20240419_BY4742_30.csv	2-some	0.05764519231056986	39.02416104552542	2.6227308391380655	-4.1477580201468065	0.05108298651631205	36.98981412337285	0.06405543810538393	8.738406777696005	1.0	detected
7-20240419_BY4742_30.csv	3-some	0.047474404104909475	43.62025041811827	1.6412515162642412	2.260272616146759	0.05037520576346452	44.817809431437446	0.06718425632077382	4.7387759854605305	1.0	detected
7-20240419_BY4742_30.csv	4-some	0.026478109860122653	49.62130154648912	1.0969296896471907	1.9154083681483296	0.055909766756748	50.39715214534007	0.06959122396873277	3.0780710053753806	1.0	detected
7-20240419_BY4742_30.csv	5-some	0.03741360178154144	60.559999999999995	3.9999999999999303	1.8082316451065532	0.06411748707953219	58.56	0.06532251062779312	11.123354209690179	1.0	detected
8-20240419_MV_I_30.csv	free	9.355724636681053	1.4800000000000002	3.381778597669068	2.826807847655528	1.5799740781638185e-14	4.023790397394544	1.6356004627263978	10.215383412197358	1.0	detected
8-20240419_MV_I_30.csv	80S	1.0125299815743827	27.925598999772852	2.2633257919986556	4.027231757011908	0.07607025573405347	29.678247774017894	0.34030771380990654	7.476700022820096	1.0	detected
8-20240419_MV_I_30.csv	40S	0.4114426669245379	12.520000000000001	3.9999999999999996	-0.8972217139005096	0.0751479659580889	14.52	0.09882129387678103	10.265182854494277	1.0	detected
8-20240419_MV_I_30.csv	60S	0.10319269929791436	21.740387069124335	2.414722601260867	4.868235216849524	0.067955517880652	23.627652125664163	0.0930771344529786	8.455077282271983	1.0	detected
8-20240419_MV_I_30.csv	2-some	0.07066180749820929	40.57090821444175	3.9555289707100614	-4.999999999999999	0.05504357494211144	37.476141184109046	0.06553844480732543	13.972906089033293	1.0	detected
8-20240419_MV_I_30.csv	3-some	0.061438346797478886	44.63789999703933	3.0470928344264085	4.999999999999999	0.05531401756099873	47.021915513591864	0.06715944455181239	10.763855437611289	1.0	detected
8-20240419_MV_I_30.csv	4-some	0.19614999999999994	53.236466615112185	3.999999999998347	0.19581325618343784	0.05382804025945455	53.84976491069114	0.07362565594408076	9.604456087320829	1.0	detected
8-20240419_MV_I_30.csv	5-some	0.0649006833692472	61.51107345077992	3.9999999999999853	1.3880082346762381	0.0785889037424187	60.33	0.08281467150361696	10.727503757064978	1.0	detected
9-20240419_MV_A_30.csv	free	2.5511033899450233	1.003991033326661	1.3815085103798403	4.999999999999999	0.1703656878882262	2.084869727859413	1.255219902122949	4.880178812916786	1.0	detected
9-20240419_MV_A_30.csv	80S	0.8767685296704055	23.952287413424994	2.144771618626291	3.9539462031011148	0.06553875097144779	25.61133010768205	0.3071022256878371	7.048050543190726	1.0	detected
9-20240419_MV_A_30.csv	40S	0.3192298387815988	8.830000000000002	3.9999999999999996	-0.4348185295066853	0.05955704603106136	10.83	0.08281861858462865	9.829599054795297	1.0	detected
9-20240419_MV_A_30.csv	60S	0.06825358381571124	17.8539440195742	2.0790585171683813	4.180316751801141	0.060613941730143894	19.46727389354753	0.07998641197921694	6.942942309119234	1.0	detected
9-20240419_MV_A_30.csv	2-some	0.049747500587901464	36.43359322764975	2.657931872192731	-4.095828656336114	0.05068061399581575	34.37338575653602	0.061731023036655015	8.82318465502652	1.0	detected
9-20240419_MV_A_30.csv	3-some	0.054594177573090465	40.95046455210053	2.1644015381534714	3.2447780393982715	0.0498514557926511	42.60081013590123	0.06479967375545313	6.751082729809597	1.0	detected
9-20240419_MV_A_30.csv	4-some	0.05944305012758746	46.64982344600786	3.5203101280990117	4.999999999999999	0.05437062178433538	49.40407952696671	0.0642907445270308	12.43549552750976	1.0	detected
9-20240419_MV_A_30.csv	5-some	0.044226255675690336	51.73827872290681	3.9999999999999996	4.999999999999999	0.06144856503630631	54.86783944992852	0.06794413202638991	14.129999999999997	1.0	detected
9-20240419_MV_A_30.csv	6-some	0.05911999999831869	60.762951023102175	3.99999999999999	0.6502864118441575	0.06871429203558799	62.50284086179539	0.07527309600726657	10.03256979995717	1.0	detected
